id,created_at,text,favorite_count,retweet_count
946853098525519878,2017-12-29,"b""As 2017 draws to a close, we're looking back at some of the year's highlights. To learn more, visit\xe2\x80\xa6 https://t.co/abRrUN7Gh4""",103,33
946803674545868801,2017-12-29,"b"".@McConaughey gets it, thanks for waiting for the train to pass. Watch for @LincolnMotorCo's ad during\xe2\x80\xa6 https://t.co/okmcBRSRGp""",42,17
946502101835935744,2017-12-28,b'The sun sets on our #Engineering forces as they finish replacing 1/4-mile-long track panels on Dry Canyon Bridge in\xe2\x80\xa6 https://t.co/TZm3Abl8le',130,27
946454309990010880,2017-12-28,b'@lissameade Hi Lissa. The Stark &amp; Water intersection is about a mile from the Portland rail yard. They are required\xe2\x80\xa6 https://t.co/YxluYNCf4u',0,0
946124504027271168,2017-12-27,"b""We were proud to participate in #Chicago's annual @XmasInTheWards holiday shopping spree this year. https://t.co/ItYfEvVLen""",15,2
945293056328179712,2017-12-25,"b'Wishing you a safe, warm and happy holiday season. https://t.co/G4iZPfvRRB'",134,34
943980772352028672,2017-12-21,"b'#TBT: We helped Holiday Tree Farms in Corvallis, Oregon, deliver close to a million Christmas trees in 2016. Read m\xe2\x80\xa6 https://t.co/qCINrmVdnI'",50,19
943576403966128128,2017-12-20,"b""Congratulations to Dennis Cooksey, winner of this week's UP Trivia drawing! Dennis won our 2017 Christmas ornament.\xe2\x80\xa6 https://t.co/0KOqXaHHsL""",24,3
943252039391473664,2017-12-19,"b""The @UPRRMuseum recently opened a new exhibit highlighting UP's current operations &amp; commitment to innovation. In t\xe2\x80\xa6 https://t.co/TuOGLT3Hho""",39,8
941825915138424833,2017-12-16,b'So you think you know a lot about the #railroad? Prove it! Play UP #Trivia and enter to win. https://t.co/82O3jVCDCO',21,4
941730035022663680,2017-12-15,b'Move over Tesla and Google: Union Pacific is leading transportation innovation and big data applications. https://t.co/KCMTDxz315',135,38
940340586997051392,2017-12-11,"b""Folks traveling through Times Square in NYC Oct. 19 got a glimpse of UP's No. 1943 The Spirit Locomotive. No.1943 s\xe2\x80\xa6 https://t.co/texiELE9dE""",50,18
939241880071606272,2017-12-08,b'A snowman performs a roll-by inspection on a train crossing the international bridge out of Mexico. The unusual vis\xe2\x80\xa6 https://t.co/mIUJBbE4V8',214,67
938872507016327170,2017-12-07,"b""Congratulations to Vic Saunders, winner of this week's UP Trivia drawing! Vic won an EPOD emergency kit. Purchase y\xe2\x80\xa6 https://t.co/Cy4rMD6eep""",30,5
938169971582099456,2017-12-05,"b'""We are at the leading edge of this industry, and in some ways hanging over the edge."" https://t.co/0L7nHrkkY0'",48,15
937844795774590976,2017-12-05,"b""On 12/4/1868 @UnionPacific reached #Evanston in #TheGreatRace to Promontory. Let's celebrate! #GoldenSpike https://t.co/lhlkTecrSX""",67,32
937793195743866880,2017-12-04,"b""Tom Lange and Debra Schrampfer were proud to represent Union Pacific in accepting PR News' Top Places to Work in PR\xe2\x80\xa6 https://t.co/uiYtqaNEu0""",15,8
937768971264282624,2017-12-04,"b'Play our #trivia quiz and enter a drawing for a chance to win a cool prize! Hurry, deadline is tonight at midnight.\xe2\x80\xa6 https://t.co/co3YV7qcMm'",24,9
937350722819117057,2017-12-03,"b""On 12/3/1866 @UnionPacific reached #NorthPlatte in #TheGreatRace to Promontory. Let's celebrate! #GoldenSpike\xe2\x80\xa6 https://t.co/NgMzx9zpz8""",69,19
936731744472064000,2017-12-01,b'So you think you know a lot about the #railroad? Prove it! Play UP #Trivia and enter to win. https://t.co/82O3jVl2Lg',19,2
936328182332035072,2017-11-30,"b""The world's largest publicly traded freight railroad is partnering with Plug and Play, the world's largest startup\xe2\x80\xa6 https://t.co/vni8enlH07""",78,18
935983971091079170,2017-11-29,"b'""To its 42,000 employees, the company\'s rich history is a source of pride, identity and inspiration.""\xe2\x80\xa6 https://t.co/PqURpdPelJ'",88,32
935967982441943040,2017-11-29,b'Union Pacific Taps Into Silicon Valley by Partnering with Plug and Play to Drive Freight Transportation Innovation https://t.co/3D74AsWj0M',30,7
933726844204982274,2017-11-23,"b'Today, and every day, we are thankful for the employees who are out there Building America. We hope you have a safe\xe2\x80\xa6 https://t.co/twkaPtcQOF'",218,44
933081142667960321,2017-11-21,"b""MFA's new rail-shuttle facility in Hamilton, Missouri, can load rail cars at 60,000 bushels per hour. To put that i\xe2\x80\xa6 https://t.co/hg1xLvF0YK""",73,22
933035098915655680,2017-11-21,"b""Congratulations to Bob Campbell, winner of this week's UP Trivia drawing! Bob won Union Pacific's holiday-themed Ya\xe2\x80\xa6 https://t.co/t9JRTK0704""",33,4
932677374600245248,2017-11-20,"b'Play our #trivia quiz and enter a drawing for a chance to win a cool prize! Hurry, deadline is tonight at midnight.\xe2\x80\xa6 https://t.co/9AUj1nwhtA'",14,2
931676835804598278,2017-11-18,b'So you think you know a lot about the #railroad? Prove it! Play UP #Trivia and enter to win. https://t.co/QW3ANs5LRC',15,2
931654024104902658,2017-11-17,b'Union Pacific Reports Third Quarter Positive Train Control Progress https://t.co/sE6bTVV3o0',50,14
931578227264454658,2017-11-17,"b'@uw_whiteside Hello! Yes, we are still planning to accept grants starting April 2018. However, there is no big anno\xe2\x80\xa6 https://t.co/xNHRAFbF2r'",0,0
931291825452847105,2017-11-16,"b""#TBT: In 1866 and 1867, Central Pacific workers experienced the #SierraNevada's worst winter in memory, with 44 sno\xe2\x80\xa6 https://t.co/7Uf62uVrJC""",76,28
931221701173612545,2017-11-16,b'Union Pacific announces a 10 percent dividend increase for the fourth quarter 2017. https://t.co/1gUyc8dDNS',43,12
930534554569502720,2017-11-14,"b'UP crews hauled a 40-foot blue spruce through Omaha yesterday. The annual tradition dates back to the 1930s, when U\xe2\x80\xa6 https://t.co/O5LCAKSl5C'",69,21
930486748852912128,2017-11-14,"b""On 11/13/1867 @UnionPacific reached #Cheyenne in #TheGreatRace to Promontory. Let's celebrate! #GoldenSpike https://t.co/VQ6dcpe8da""",38,11
929378189930926080,2017-11-11,"b'We express our gratitude to the many in the armed forces, in honor of #VeteransDay. Thank you for your commitment t\xe2\x80\xa6 https://t.co/ca2tipTgqn'",109,28
929106875785900032,2017-11-10,"b""If you missed today's Facebook Live broadcasts, here's a recap! Our Salute to the Military event paid tribute to th\xe2\x80\xa6 https://t.co/Nssqb3oW2H""",31,12
928396433786630144,2017-11-08,"b""FACEBOOK LIVE ALERT: Tune in at 11:11 a.m. CT Friday, Nov. 10, as we go live from @TheDurhamMuseum (Omaha's old Uni\xe2\x80\xa6 https://t.co/eUWfGB0yAy""",128,41
928024895128207361,2017-11-07,"b""Congratulations to Scott Stocking, winner of this week's UP Trivia! Scott won our 2017 Christmas ornament.\xe2\x80\xa6 https://t.co/MLm6yPt4Ut""",22,2
927670598284795904,2017-11-06,"b'Play our trivia quiz and enter a drawing for a chance to win a cool prize! Hurry, deadline is tonight at midnight.\xe2\x80\xa6 https://t.co/u8UU4nDPrq'",12,2
926567591828746240,2017-11-03,b'So you think you know a lot about the #railroad? Prove it! Play UP #Trivia and enter to win. https://t.co/QW3ANs5LRC',22,5
926181682641858561,2017-11-02,b'Help us pay tribute to the U.S. armed forces with #UP1943 at a special Veterans Day event in #Omaha Nov. 10. More: https://t.co/4Inc0kDFg7',50,12
925412797063860225,2017-10-31,"b""Happy #Halloween! Have you seen @CSX's Chainsaw Guy video? Take a peek if you're in the mood for a spooky story. https://t.co/l2AhqACgiO""",38,8
924008561541353472,2017-10-27,"b'@stampycatfan013 Yes, they were.'",0,0
924008384826880000,2017-10-27,"b'#UP1943, The Spirit, was unveiled in #SanAntonio last week. Read about its origins in Inside Track. https://t.co/Kafy3L5RWy'",223,64
923681493670604800,2017-10-26,"b""On 10/26/1863 Central Pacific reached #Sacramento in #TheGreatRace to Promontory. Let's celebrate! #GoldenSpike https://t.co/k6ic5gOMcZ""",48,12
923622233922207744,2017-10-26,"b""Union Pacific CEO Lance Fritz: NAFTA withdrawal impact would be 'disastrous' via @Reuters https://t.co/KNT0DzORix""",61,41
923520725071298560,2017-10-26,b'Union Pacific Reports Third Quarter 2017 Results; Third Quarter Diluted Earnings per Share up 10 percent. https://t.co/dLx03fTNx9',21,7
923344725754728449,2017-10-26,"b""Congratulations to Joseph Stenner, winner of this week's UP Trivia! Joseph won a pair of wireless earbuds.\xe2\x80\xa6 https://t.co/SNB8sjnozR""",14,0
922595026676396033,2017-10-23,"b'@marty_dunning Hi Marty. To report blocked crossings, please call 1-888-877-7267.'",0,0
921491611426656257,2017-10-20,b'So you think you know a lot about the #railroad? Prove it! Play UP #Trivia and enter to win. https://t.co/B5V1BltCoC',15,9
921101323885580288,2017-10-19,"b'@WaningDaylight You can read about the symbolism of the different color sections here, under ""Honoring the Armed Fo\xe2\x80\xa6 https://t.co/VtxBkUP1EE'",3,1
921095928928456704,2017-10-19,"b'Say hello to Union Pacific locomotive No. 1943, The Spirit, our 16th commemorative locomotive. Read more:\xe2\x80\xa6 https://t.co/1pgDrIaCD3'",679,280
920665787798405120,2017-10-18,b'What could possibly be under this blue tarp? Find out here tomorrow. https://t.co/hx3nqHEKoy',316,98
920303413400813568,2017-10-17,"b""It's coming. https://t.co/Do3pT1H5Fi""",147,39
918918167497445376,2017-10-13,b'UP Steel Gang 9001 installed long rail along the Elko Subdivision in Nevada yesterday. Read more about long rail:\xe2\x80\xa6 https://t.co/eueptkOtJf',71,15
918601504956780544,2017-10-12,"b'#TBT: During #TheGreatRace to Promontory, the 1,000th mile west of Omaha was reached in Utah circa 1869. Learn more\xe2\x80\xa6 https://t.co/cHkbrvsGPD'",55,16
918162649388593152,2017-10-11,"b""After witnessing Harvey's destruction, UP Engineer Eddie Bedre used vacation time to help fellow Texans. Read more:\xe2\x80\xa6 https://t.co/cmNCQMeWGH""",34,13
917842339858657282,2017-10-10,"b""Congratulations to Bob Campbell, winner of this week's UP Trivia! Bob won a pair of custom knit socks.\xe2\x80\xa6 https://t.co/Gh4pwHsTtK""",18,1
917478874161864704,2017-10-09,"b'Play our trivia quiz and enter a drawing for a chance to win a cool prize! Hurry, deadline is tonight at midnight.\xe2\x80\xa6 https://t.co/I73RjPSEj2'",12,1
916426281243332609,2017-10-06,b'So you think you know a lot about the #railroad? Prove it! Play UP #Trivia and enter to win. https://t.co/82O3jVl2Lg',12,5
916375300686143489,2017-10-06,"b""On 10/6/1866 @UnionPacific reached #Cozad in #TheGreatRace to Promontory. Let's celebrate! #GoldenSpike https://t.co/MAkDATB43a""",49,21
915337245640544256,2017-10-03,b'@slavey You can read more about it here: https://t.co/M3ycZxLa9x',3,1
915304400851173376,2017-10-03,"b""#ICYMI: It took 48 hours to completely replace Chicago's five-track Deval diamond. Watch the lesson in tenacity, te\xe2\x80\xa6 https://t.co/H47Le11KLm""",1185,769
914982619724550144,2017-10-02,"b""On 10/1/1868 Central Pacific reached #Winnemucca in #TheGreatRace to Promontory. Let's celebrate! #GoldenSpike https://t.co/GolPNtO7dz""",54,11
914505208826228736,2017-10-01,"b""On 10/1/1868 @UnionPacific reached #GreenRiver in #TheGreatRace to Promontory. Let's celebrate! #GoldenSpike\xe2\x80\xa6 https://t.co/CGQW2iLYSP""",53,13
913879662966788097,2017-09-29,"b'Rail is the most efficient, affordable option for moving wind turbine components long distances. #RenewableEnergy https://t.co/ygQeaKfdtP'",43,18
912766978212933632,2017-09-26,"b""Congratulations to Jerry Hobbs, winner of this week's UP Trivia! Jerry won a track gang cap. https://t.co/mdbbAxX3Qz https://t.co/zG0tgbQ09l""",10,4
912442765434376193,2017-09-25,"b'Play our trivia quiz and enter a drawing for a chance to win a cool prize! Hurry, deadline is tonight at midnight.\xe2\x80\xa6 https://t.co/cMxAj0HiwK'",8,1
912408428659822592,2017-09-25,"b""@SSFCFOTY13 Hi Mark. Please call 1-888-877-7267 to report the crossing. They will ask for details on how it's malfunctioning.""",0,0
912405080552411141,2017-09-25,"b""On 9/25/1866 @UnionPacific reached #Lexington in #TheGreatRace to Promontory. Let's celebrate! #GoldenSpike https://t.co/NUUprQH2fq""",36,14
911344590103437312,2017-09-22,b'So you think you know a lot about the #railroad? Prove it! Play UP #Trivia and enter to win. https://t.co/OBTsNVjkK0',7,4
910971581349924864,2017-09-21,b'Union Pacific Celebrates Rail Safety Week in Communities https://t.co/wNjOdefPfa',21,8
910952299446534145,2017-09-21,"b""On 9/20/1868 Central Pacific reached #Lovelock in #TheGreatRace to Promontory. Let's celebrate! #GoldenSpike https://t.co/kLW9nLWi84""",21,6
910889825884131329,2017-09-21,b'@JuanGar27547210 Hi Juan. You have to wait six months before you can apply and test again.',0,0
910593995201548288,2017-09-20,b'\xe2\x80\x9cSometimes you just have to move forward &amp; do it. That advice has served me well at the railroad &amp; life in general.\xe2\x80\x9d https://t.co/jNsBdyzjWf',100,33
908834399831101441,2017-09-15,b'Union Pacific Redesigns Marketing &amp; Sales Organization to Align with Evolving Customer Needs https://t.co/CXm0Tk2Djr',37,17
908450571996270592,2017-09-14,"b'#TBT: High above California\xe2\x80\x99s American River, Central Pacific faced its most difficult construction challenge. More\xe2\x80\xa6 https://t.co/jSqjtgJHLL'",41,10
907730558842798081,2017-09-12,"b""Congratulations to Wendell Gann, winner of this week's UP Trivia! Wendell won a Kelvin 23 tool.\xe2\x80\xa6 https://t.co/YKOdr0cO7m""",22,6
907256791918170112,2017-09-11,b'https://t.co/Kkc7nBmVtd',151,47
906274858547466240,2017-09-08,b'So you think you know a lot about the #railroad? Prove it! Play UP #Trivia and enter to win. https://t.co/82O3jVl2Lg',12,6
905519645561671680,2017-09-06,"b""On 9/1/1865 Central Pacific reached #Colfax in #TheGreatRace to Promontory. Let's celebrate! #GoldenSpike https://t.co/TA9N9c9OOo""",45,21
905514978261835778,2017-09-06,"b'@smitty1844 @PDXTrafficNow @KGWNews @KOIN6Traffic Hi Jeff. Service is delayed between Portland and Hinkle, Oregon: https://t.co/2CKNmHJkr0'",0,1
905195916994465793,2017-09-05,"b'@jefcanuk Yes, service is delayed between Portland and Hinkle, Oregon. https://t.co/2CKNmHJkr0'",0,0
905159171527643136,2017-09-05,"b""Through constant rain, 90 UP employees worked together to replace #Chicago's Deval diamond in just over 48 hours. https://t.co/wFTgtZBiLS""",66,20
905154387588284416,2017-09-05,b'@Adcockthe2nd Thank you. A complaint has been filed with our EEO department.',1,0
905149454906523649,2017-09-05,"b""@Adcockthe2nd Hello. Could you please provide a link to where Mr. Labrada's comment appears? We would like to inves\xe2\x80\xa6 https://t.co/1v9kDPMgy1""",0,0
905099600931028992,2017-09-05,"b""@Slotgirl3 Hello. If you are referencing the HSA that comes w/ UP's nonagreement healthcare plans, plz contact the\xe2\x80\xa6 https://t.co/CucgDHqqYU""",0,0
904690522169548801,2017-09-04,b'Have a safe and happy holiday! https://t.co/UR10e0BTzE',118,40
904103686812557312,2017-09-02,b'@drparsons13 Hi Darlene! UP gives a large donation to F2F &amp; matches employee donations following natural disasters.\xe2\x80\xa6 https://t.co/uFORyhmoLU',0,0
904079532088373248,2017-09-02,"b""@drparsons13 @KPRC2 @SteveABC13 Hi Darlene! Employees unable to work can apply for financial assistance through UP'\xe2\x80\xa6 https://t.co/MZO4KG2Atn""",0,1
903387740418519041,2017-08-31,b'@Claud623 Employee and public safety are our priorities. Our crews were safe and were called in to move rail cars to keep the public safe.',0,0
903293877037277185,2017-08-31,"b'@Claud623 They were taken to Spring, &amp; stayed in hotels Sun. night. All but 5 have returned home. (2/2)'",0,0
903293763459612673,2017-08-31,"b'@Claud623 This is false. No employees were stranded, they were not allowed to travel for their own safety. (1/2)'",0,0
903289205585051648,2017-08-31,"b'@Jake_E_Consig @pdxalerts Hi Jake. UP Police Officers ARE real police officers, with the training &amp; power of arrest\xe2\x80\xa6 https://t.co/ys9PHbwvPG'",0,0
903007000946253824,2017-08-30,"b""@SM0R3S Please call 1-888-877-7267 to report it ASAP. They will ask for you to describe what's wrong.""",0,1
902922801438482432,2017-08-30,b'Union Pacific continued to make strides implementing Positive Train Control (PTC) in the second quarter of 2017. https://t.co/8FEMialayA',47,22
902322699640475649,2017-08-29,"b'Union Pacific Railroad Donating $250,000 for Hurricane #Harvey Relief https://t.co/Pmm5jhj4Fc'",267,101
902207202156580864,2017-08-28,"b'@MAConservative7 Yes, some. Our most recent update on the hurricane: https://t.co/W4ky97Lkgh'",0,0
901219321510338560,2017-08-25,b'So you think you know a lot about the #railroad? Prove it! Play UP #Trivia and enter to win. https://t.co/82O3jVl2Lg',17,7
901174351176884226,2017-08-25,"b""With #UP4014's disassembly completed, the team is now restoring the intricate parts of the articulated locomotive. https://t.co/7hurKCttfO""",210,66
900849526482907137,2017-08-24,"b""In 1866 @UnionPacific reached #Gothenburg in #TheGreatRace to Promontory. Let's celebrate! #GoldenSpike https://t.co/SFWNUK5I8G""",50,18
900455252805251072,2017-08-23,"b""#ICYMI: Have you seen our new safety ads? They ask the viewer to make a choice: cross or don't cross. Please share:\xe2\x80\xa6 https://t.co/5JbYBlyGR5""",28,16
900369135003201536,2017-08-23,b'@JingoistFett Hi Jesse. Please call 1-888-877-7267 to report malfunctioning crossing equipment. They will ask you f\xe2\x80\xa6 https://t.co/aHsbSEpwiL',0,0
900087871528480768,2017-08-22,"b'While many paused to catch a glimpse of the solar eclipse, Union Pacific never stops Building America. #Eclipse2017 https://t.co/Yjck4YnNkz'",151,61
899648343911137281,2017-08-21,"b'For those participating in this historic event, please do so safely and stay away from railroad tracks. #Eclipse\xe2\x80\xa6 https://t.co/2vg7n0Q6Uh'",78,25
898661386368057344,2017-08-18,"b'""For those participating in this historic event, please do so safely and stay away from railroad tracks.\xe2\x80\x9d #Eclipse https://t.co/saSZDL9Q4Z'",30,18
898294184615985152,2017-08-17,"b'Look for our ads on Facebook, YouTube &amp; Hulu. They ask a simple question: What would you do? Show your loved ones! https://t.co/aMGRlgtbEJ'",35,15
898290953961603073,2017-08-17,"b'@jtybgt Hi Jeff. Sorry for the inconvenience. To report blocked crossings, please call 1-888-877-7267.'",0,0
898229149546029056,2017-08-17,"b""In August 1866 @UnionPacific reached #Kearney in #TheGreatRace to Promontory. Let's celebrate! #GoldenSpike https://t.co/0srwwI0p0p""",22,6
897596264392642561,2017-08-15,"b'As the line stretched across WY, tension grew between Chief Eng. Gen. Dodge &amp; UP VP Thomas Durant. #GreatRace More:\xe2\x80\xa6 https://t.co/rMGbTkWeDx'",32,9
897137267499814916,2017-08-14,b'Thank you to everyone who joined us for the 2017 Union Pacific Museum Special fundraising trip! https://t.co/hZnlXK8D2e',30,4
896056261573095425,2017-08-11,"b""On 8/10/1867 @UnionPacific reached #Sidney in #TheGreatRace to Promontory. Let's celebrate! #GoldenSpike https://t.co/gMOr4JU8IP""",31,5
895045234186473479,2017-08-08,"b""On 8/8/1868 @UnionPacific reached #Rawlins in #TheGreatRace to Promontory. Let's celebrate! #GoldenSpike https://t.co/8Rb6087MnO""",53,15
895025033126531074,2017-08-08,"b""Congratulations to Mark Bean, winner of this week's UP Trivia! Mark won a Union Pacific Boasters Coaster set.\xe2\x80\xa6 https://t.co/kPYZMKt132""",23,4
894645506873462784,2017-08-07,"b'Play our trivia quiz and enter a drawing for a chance to win a cool prize! Hurry, deadline is tonight at midnight. https://t.co/qf6OhMKXwN'",12,6
894282913189122048,2017-08-06,"b""UP CEO Lance Fritz takes a selfie from the stage of this morning's @NE150 Express rally in Kearney, NE. Hundreds tu\xe2\x80\xa6 https://t.co/twCXSa4tG6""",95,23
893598968222961664,2017-08-04,b'So you think you know a lot about the #railroad? Prove it! Play UP #Trivia and enter to win. https://t.co/m9zf2Ml29W',13,4
893574088232402944,2017-08-04,b'@LynnOsborn1 Please call 1-888-877-7267 ASAP to report the equipment. They will ask for details about its location\xe2\x80\xa6 https://t.co/wIpE7PL3UC',0,0
893486386153533440,2017-08-04,b'The @NE150 Express departed this morning. Learn more about the 3-day whistle stop tour: https://t.co/CtulFiZm5F https://t.co/z15NYADti2',40,12
892868802983198720,2017-08-02,"b""@jalcoser23 It's 1-888-877-7267.""",0,0
892860942517641217,2017-08-02,b'@jalcoser23 Hi Josh. Please call 1-888-877-7276 ASAP to report it. They will ask for details about the location &amp; h\xe2\x80\xa6 https://t.co/ognB1rnafC',0,0
892513848573480960,2017-08-01,"b""In August 1866 @UnionPacific reached #WoodRiver in #TheGreatRace to Promontory. Let's celebrate! #GoldenSpike https://t.co/1lhTYKKQOa""",48,17
892120216662142978,2017-07-31,"b""In July 1869 @UnionPacific reached #Uintah in #TheGreatRace to Promontory. Let's celebrate! #GoldenSpike https://t.co/9NR3abyjxC""",40,13
892072806086840324,2017-07-31,b'@JuanGar27547210 You can learn more about Train Crew here: https://t.co/rctXXXwBcw',0,0
892072700222550016,2017-07-31,"b""@JuanGar27547210 Hi Juan. You don't, but you do have to start out as Train Crew &amp; work your way up. All open positi\xe2\x80\xa6 https://t.co/m2xitUr5qS""",0,0
891055726143123457,2017-07-28,b'@richardsdan99 Hi Daniel. Please contact your local public affairs representative regarding this issue. His name is\xe2\x80\xa6 https://t.co/9AVyXjI7qz',1,0
891047725898375168,2017-07-28,"b'UP invested about $8.5 bill. to buy more than 4,500 locomotives since 2000. Read about our fuel-efficiency efforts:\xe2\x80\xa6 https://t.co/Cr7EMzIx7h'",56,22
890695786178244608,2017-07-27,"b""In July 1868 @UnionPacific reached #Hanna in #TheGreatRace to Promontory. Let's celebrate! #GoldenSpike https://t.co/q0yzbqfIqz""",25,9
890671458212470784,2017-07-27,b'@JenCaress Hi Jennifer. To report blocked crossings please call 1-888-877-7267.',0,0
890605111050878976,2017-07-27,b'Union Pacific Corporation Declares Third Quarter 2017 Dividend https://t.co/Hk244tnr5a',11,0
890386624403693568,2017-07-27,"b'Union Pacific Elects Bhavesh ""Bob"" V. Patel to Board of Directors https://t.co/vQlrysAK4S'",15,3
890337391931789313,2017-07-26,"b""@CaptainCromy262 No, I don't have access to that information.""",0,0
890312454470852609,2017-07-26,"b""@CaptainCromy262 Yes, that's the code used for the carrier our customer hired to haul their product to its final destination.""",0,0
890283564671143936,2017-07-26,"b""@CaptainCromy262 I'm sorry, we don't have any contact information for him.""",0,0
890258532922163202,2017-07-26,"b""@CaptainCromy262 He's hauling for one of our customers.""",0,0
890250862836285441,2017-07-26,b'\xe2\x80\x9cYou just don\xe2\x80\x99t see a startup happen this quickly.\xe2\x80\x9d https://t.co/fwVGUrljp0',17,6
890232514832461824,2017-07-26,b'@CaptainCromy262 Hi Joe. We do not have an employee named Perry Webber. He is likely a semi truck driver that acces\xe2\x80\xa6 https://t.co/eo5cEiAKAV',0,0
889951439329603585,2017-07-25,"b""Congratulations to Bob Chromy, winner of this week's UP Trivia! Bob won a Union Pacific rechargeable powerbank.\xe2\x80\xa6 https://t.co/3c0rrWWFG3""",17,3
889888291281145858,2017-07-25,"b'\xe2\x80\x9cThe San Gabriel Trench is the largest project we have undertaken,\xe2\x80\x9d said San Gabriel Mayor Juli Costanzo https://t.co/4udChUhFhT'",117,34
889578794595622912,2017-07-24,"b'Play our trivia quiz and enter a drawing for a chance to win a cool prize! Hurry, deadline is tonight at midnight. https://t.co/qf6OhMKXwN'",13,2
889509065470214145,2017-07-24,b'Union Pacific Railroad Safety Videos Receive Telly Awards https://t.co/rojh7rhKZ2',47,21
888521101319581697,2017-07-21,b'So you think you know a lot about the #railroad? Prove it! Play UP #Trivia and enter to win. https://t.co/82O3jVl2Lg',6,3
888465069767610369,2017-07-21,b'@hcnoize1988 Hi Eric. Please contact your local public affairs representative: https://t.co/OWavZCaQ8Y',0,0
888438748270260224,2017-07-21,b'Union Pacific Improves Railroad Crossing Safety in first half of 2017. https://t.co/x63zKZLhHZ',54,24
888145686994329604,2017-07-20,"b""In July 1867 @UnionPacific reached #Chappell in #TheGreatRace to Promontory. Let's celebrate! #GoldenSpike https://t.co/Ti0p8w0ktf""",30,9
888006371307900928,2017-07-20,b'Union Pacific Reports Second Quarter 2017 Results; Second Quarter Diluted Earnings per Share up 24 percent. https://t.co/M3hnVdCkE0',24,10
887426877652180992,2017-07-18,b'Railroads generate fewer carbon emissions than long haul trucks or air transport. Read more: https://t.co/8uTAeIQcOm https://t.co/xOQcwCqIWQ',96,50
886991971881029632,2017-07-17,"b""UP's 'Living Legend' Steam Engine Delivers Look at History: #up844 travels between Cheyenne &amp; Denver this week. https://t.co/BYhmS7jcH5""",104,38
885596941660323840,2017-07-13,"b""The schedule for #UP844's upcoming Cheyenne Frontier Days Special is posted! Get the details:\xe2\x80\xa6 https://t.co/zLU1UzBSK2""",84,18
885522672792330241,2017-07-13,"b'Nebraska First Lady Susanne Shore announces details for ""Nebraska150 Express"" statewide train tour Aug. 4-6. More:\xe2\x80\xa6 https://t.co/hk1TufSzPr'",75,19
885204553821552646,2017-07-12,b'Relive the heyday of premium passenger service! The 2017 UP Museum Special is scheduled for 8/13. Buy tickets now:\xe2\x80\xa6 https://t.co/9H68rieskt',94,35
884526198503636992,2017-07-10,"b""On 7/10/1865 the first rail was laid in #Omaha in #TheGreatRace to Promontory. Let's celebrate! #GoldenSpike https://t.co/PEXKqUcS0Q""",45,16
883429568073404417,2017-07-07,b'So you think you know a lot about the #railroad? Prove it! Play UP #Trivia and enter to win. https://t.co/82O3jVl2Lg',14,3
883015101271465985,2017-07-06,"b'This is why Al Vanderford, a Union Pacific conductor, is also known as the ""whale whisperer"":\xe2\x80\xa6 https://t.co/R3dePSsVSt'",18,8
882698137860788225,2017-07-05,"b'The pulse of a nation beats with the rhythm of the railroad, illustrating our commitment to Building America. https://t.co/aBpeO0NNKz'",146,62
882647905160617987,2017-07-05,b'@Nolfs @LehiCity Hi Kristen. Please report malfunctioning crossings to our emergency hotline ASAP: 1-888-877-7267',0,0
882252669313703937,2017-07-04,b'Happy Independence Day! Stay safe. https://t.co/4iwWJCazOp',271,110
881949181841223681,2017-07-03,"b'To learn more about our #safety efforts, browse the Building America report: https://t.co/w2s1BLk9MW https://t.co/0ZENrXJbx9'",19,13
880888797705187332,2017-06-30,"b'""With one of the largest rail yards in the U.S. here in North TX, UP is looking for workers with these skill sets."" https://t.co/zp1rM920fo'",30,17
880581534113312770,2017-06-30,"b""In 1866 we reached #CentralCity in #TheGreatRace to Promontory. Let's celebrate! #GoldenSpike https://t.co/bnhDBQP1dN""",46,13
880465901350514689,2017-06-29,"b'""They understand how inextricably linked our supply chains are in NAFTA and globally."" https://t.co/WTkag7agx8'",22,9
880458603114770432,2017-06-29,"b'Schedule update! #UP844 will be leaving Council Bluffs, Iowa, for Cheyenne, Wyoming, Saturday, July 1, at 8 a.m. https://t.co/Gm01j4VzjV'",40,11
880116160276168705,2017-06-28,b'What do #rocknroll and bridge inspectors have in common? Find out at https://t.co/VjwcDFsqTk #bridge #tech',13,13
879746422563901441,2017-06-27,"b""There has been a change in #UP844's schedule. It will not leave Council Bluffs on Friday. Stay tuned for more info: https://t.co/Gm01j4VzjV""",36,12
879359469502828544,2017-06-26,b'Union Pacific spotlights safe chemical transportation https://t.co/XLij1Lu6wM',19,13
878798624976650240,2017-06-25,"b'@IfesinachiE @NTVNEWS Hi Ifesinachi, please contact Calli Hite: https://t.co/yOLls3ARgG'",0,0
878759997857034240,2017-06-24,"b'Facebook CEO Mark Zuckerberg visited Bailey Yard in North Platte, NE, to learn more about our employees and what ma\xe2\x80\xa6 https://t.co/kdEvKUWeH0'",150,71
878376841718976513,2017-06-23,b'So you think you know a lot about the #railroad? Prove it! Play UP #Trivia and enter to win. https://t.co/82O3jVl2Lg',12,2
878330389416132608,2017-06-23,"b""@williehempseed Hi Willie. Sorry you're having trouble loading the page. Try refreshing the page or using a different browser.""",2,0
878327629434175488,2017-06-23,"b""On 6/24/1867 @UnionPacific reached #Julesburg in #TheGreatRace to Promontory. Let's celebrate! #GoldenSpike https://t.co/a6hPQzU3VW""",26,10
878282972461281280,2017-06-23,b'Union Pacific Plans to Invest $2.5 Million in its Wisconsin Rail Infrastructure https://t.co/vPFoaqzuCi',10,4
877641146771439617,2017-06-21,"b'""Only 37% of high school graduates are college ready &amp; over 90% of new jobs require education beyond high school."" https://t.co/fGmGzLWlU7'",28,22
877561244458246145,2017-06-21,b'Union Pacific Plans to Invest $5.1 Million in its Washington Rail Infrastructure https://t.co/kumPbNvvzO',16,10
877281411266490368,2017-06-20,"b""Fuel efficiency is a critical part of UP's #sustainability approach. Learn more in the Building America Report:\xe2\x80\xa6 https://t.co/5BP6a1lfVD""",43,22
876853702509961216,2017-06-19,"b""On 6/19/1868 Central Pacific reached #Reno in #TheGreatRace to Promontory. Let's celebrate! #GoldenSpike https://t.co/1PcSvtMRd2""",52,22
875808029769420801,2017-06-16,"b""#UP844 visited Kearney, Grand Island &amp; Columbus on its way to #Omaha. Visit it at UP's Home Plate during #CWS2017 t\xe2\x80\xa6 https://t.co/zcgHhdPrPY""",55,19
875755912450932738,2017-06-16,"b'The cars report type, severity &amp; location of track defects in real-time. Learn more in the Building America Report:\xe2\x80\xa6 https://t.co/aTBQHz1l3k'",27,15
875501227240554497,2017-06-15,b'In June 1864 Central Pacific reached #Sparks in #TheGreatRace to Promontory. #GoldenSpike Read more: https://t.co/7eTZIQezlG',52,18
875063881630191616,2017-06-14,b'Union Pacific Plans to Invest $14 Million in its Minnesota Rail Infrastructure https://t.co/CNCAEwpiZe',18,6
875011243458875392,2017-06-14,"b'1945: Soldiers perform a flag ceremony in Sparks, NV, to support war bond sales. Photo: Union Pacific Railroad Muse\xe2\x80\xa6 https://t.co/HQgoSvPaFy'",33,7
874736434183376896,2017-06-13,"b""Congratulations to Oscar Torres, winner of this week's UP Trivia! Oscar won a blue digi camo cap.\xe2\x80\xa6 https://t.co/gBtl3Dak1r""",21,4
874356463665369089,2017-06-12,b'Last chance to play this round of UP #Trivia and enter to win a cool #prize! Game ends at midnight. Play now:\xe2\x80\xa6 https://t.co/rEPzdj4RDD',8,2
874331847001591808,2017-06-12,"b'UP\xe2\x80\x99s Donna Kush, VP-Public Affairs, right, presents a commemorative spike to Grand Island, NE, Mayor Jeremy Jensen.\xe2\x80\xa6 https://t.co/ieuwLxjhes'",25,15
874298373054099460,2017-06-12,"b'#UP844 is in Kearney, NE, right now! Track the train as it heads to Omaha as part of the Home Plate Special:\xe2\x80\xa6 https://t.co/0c8OHTYnkq'",92,37
873296491460382721,2017-06-09,b'So you think you know a lot about the #railroad? Prove it! Play UP #Trivia and enter to win. https://t.co/OBTsNVjkK0',11,4
873251771090706432,2017-06-09,"b'Union Pacific is the only railroad on Barron\xe2\x80\x99s 2017 ranking of America\xe2\x80\x99s most respected companies, coming in at #46\xe2\x80\xa6 https://t.co/IkxQQOSeVx'",51,22
873212508789723136,2017-06-09,b'Union Pacific Plans to Invest $68 Million in its Iowa Rail Infrastructure https://t.co/uOsXNa5dX3',8,5
872552422727712773,2017-06-07,"b""Find out how printing 3-D prototypes in-house accelerates UP's rate of change. #3Dprinting #innovation https://t.co/z4ceYUVOTU""",16,16
872494006827143168,2017-06-07,b'@RonCoupet @UPJobs $3.5 billion is for 2016 alone. Thanks.',0,0
872492434638462976,2017-06-07,"b""On 6/7/1868 @UnionPacific reached #Laramie in #TheGreatRace to Promontory. Let's celebrate! #GoldenSpike https://t.co/nZJYuvbi71""",17,11
872488564927365122,2017-06-07,"b""Union Pacific's Historic #up844 Steam Locomotive Heads to Omaha for the 2017 Home Plate Special https://t.co/bl9K55Y2fQ""",22,14
872461250000818176,2017-06-07,b'Union Pacific has invested $34 billion on its #railroad #infrastructure and network over the last 10 years. WSJ:\xe2\x80\xa6 https://t.co/2ZdVzMmKm6',43,20
872088473737601028,2017-06-06,"b""On 6/6/1864 Central Pacific reached #Rocklin in #TheGreatRace to Promontory. Let's celebrate! #GoldenSpike https://t.co/lW9D4dENxc""",48,14
871859024039378944,2017-06-05,b'Union Pacific Plans to Invest $34.1 Million in its Idaho Rail Infrastructure\nhttps://t.co/GLeMr0fLlw',25,9
871800330417303553,2017-06-05,"b""On 6/6/1864 Central Pacific reached #Newcastle in #TheGreatRace to Promontory. Let's celebrate! #GoldenSpike https://t.co/5zyzDXJ51o""",32,15
870758875213033472,2017-06-02,"b'On June 2, 1866, Union Pacific reached Columbus, NE, in #TheGreatRace to Promontory. #GoldenSpike Read more:\xe2\x80\xa6 https://t.co/RoKJtRz5Ux'",35,16
870690367493988352,2017-06-02,b'Union Pacific Plans to Invest $36 Million in its Colorado Rail Infrastructure https://t.co/6ATCUAeDhL',35,9
870666399798218752,2017-06-02,"b'@RogueDadOne Hi there. Sorry for the inconvenience. To report blocked crossings, please call 1-888-877-7267.'",0,0
870429208534814720,2017-06-01,"b""In June 1867, UP reached Paxton, NE, in #TheGreatRace to Promontory. #GoldenSpike More about the town's history:\xe2\x80\xa6 https://t.co/Lrh4Mtp544""",64,18
870315730948038659,2017-06-01,b'We recycled more than 3.3 mill. gallons of oil &amp; fuel in 2016. Learn more in the 2016 Building America Report:\xe2\x80\xa6 https://t.co/I3FGFTeliu',37,18
870292005242449921,2017-06-01,b'Union Pacific\xe2\x80\x99s Sustainability progress is spotlighted in our 2016 Building America Report https://t.co/tei2lGatY4',13,8
870031451340902400,2017-05-31,"b""The schedule for #UP844's Home Plate Special trip is available! The #UPSteamTeam leaves Cheyenne on June 11. https://t.co/bLD4RgYUuU""",109,42
869947825282572293,2017-05-31,"b'@XxS1DESWIPExX Hi, sorry for the inconvenience. To report blocked crossings, please call 1-888-877-7267.'",0,0
869644975541243905,2017-05-30,b'Last chance to play this round of UP #Trivia and enter to win a cool #prize! Game ends at midnight. Play now:\xe2\x80\xa6 https://t.co/ee0PXILI3R',6,2
869610071201894400,2017-05-30,b'Union Pacific Plans to Invest $85 Million in its Illinois Rail Infrastructure https://t.co/qoYQsEyeVP',32,18
869189229938692097,2017-05-29,b'Please take a moment today to remember those who made the ultimate sacrifice. https://t.co/aElLlUjCGV',93,38
868170816181161989,2017-05-26,b'So you think you know a lot about the #railroad? Prove it! Play UP #Trivia and enter to win. https://t.co/OBTsNVjkK0',14,5
867819762700636160,2017-05-25,b'UPVETS &amp; UP Ties came together yesterday to host the 8th annual Scoops for Troops event. Learn more:\xe2\x80\xa6 https://t.co/oURUjLKbNN',13,11
867489403723231232,2017-05-24,b'See how private #FreightRail investments have produced the best infrastructure in America: https://t.co/83kFo3aNq7 https://t.co/M9sxqhaRFR',18,8
867453947119890433,2017-05-24,"b""On May 24, 1867, UP reached Ogallala, Nebraska, in #TheGreatRace to Promontory. Read more about the town's history:\xe2\x80\xa6 https://t.co/txawg2jb3i""",29,12
867415002164187137,2017-05-24,b'Union Pacific Plans to Invest $49 Million in its Missouri Rail Infrastructure https://t.co/iUd8Dmahcf',20,12
867092042157051904,2017-05-23,"b'#DYK according to @AAR_FreightRail, 54 tons of freight are moved for every American annually?\xe2\x80\xa6 https://t.co/5FdZCrKPFB'",20,8
866780717161873409,2017-05-22,"b'#FreightRail plans to spend $60 million a day on their network in 2017, according to @AAR_FreightRail. #TimeToBuild\xe2\x80\xa6 https://t.co/5pinzYkmJ7'",30,16
865286149476102145,2017-05-18,b'Union Pacific Plans to Invest $41 Million in its Wyoming Rail Infrastructure https://t.co/XntGdZ1nnl',20,12
865272972705243136,2017-05-18,"b'#TBT: When building the transcontinental railroad, Central Pacific reached #Auburn, CA, on May 13, 1865. Read more:\xe2\x80\xa6 https://t.co/ZvxhUV2UwW'",60,16
865242438390218752,2017-05-18,"b'Happy #InternationalMuseumDay ! Have you been to the Union Pacific Museum in Council Bluffs, Iowa?\xe2\x80\xa6 https://t.co/PVTVIKi423'",23,8
864916608128569346,2017-05-17,"b'#ICYMI: You can now subscribe to Inside Track! Get the latest UP news, photos and video delivered to your inbox:\xe2\x80\xa6 https://t.co/nehE86uAWG'",15,3
864596296052736001,2017-05-16,"b""Congratulations to Loren Slartman, winner of this week's UP Trivia! Loren won a blue digi camo cap.\xe2\x80\xa6 https://t.co/6PVL9DATXn""",19,6
864553356848766976,2017-05-16,b'Union Pacific Plans to Invest $48.1 Million in its Utah Rail Infrastructure https://t.co/lntbsCgP22',27,5
863409618407612416,2017-05-13,b'Congrats to American Heart Association Heart Walk participants. UP has donated &gt; $1 million since it began particip\xe2\x80\xa6 https://t.co/KYx7RV7gxT',21,7
863153178015133697,2017-05-12,b'So you think you know a lot about the #railroad? Prove it! Play UP #Trivia and enter to win. https://t.co/OBTsNVjkK0',7,4
863110343685541892,2017-05-12,b'Union Pacific Plans to Invest $41 Million in its Oklahoma Rail Infrastructure https://t.co/vu9zuSzymd',8,4
863044664814948353,2017-05-12,"b'Opinion: Tax reform would benefit railroads, customers, and the economy https://t.co/YgRxe2pKkM via @RailwayAge'",6,5
862754826836467712,2017-05-11,"b""After the transcontinental railroad's completion, communities along the backbone of the Western US\xf0\x9f\x87\xba\xf0\x9f\x87\xb8 changed foreve\xe2\x80\xa6 https://t.co/y3qYuH7IoG""",53,32
862716364125081600,2017-05-11,b'Union Pacific declares Second Quarter Dividend https://t.co/ciNpTaXPmb',11,6
862431280188846080,2017-05-10,"b'Union Pacific celebrates the Great Race to Promontory, commemorating the completion of the transcontinental railroad https://t.co/V1NfG8L0iT'",38,21
862366815397310464,2017-05-10,"b'We\'re live in Sacramento as we kick off ""The Great Race""; tune in NOW on Facebook Live! https://t.co/GO4S5JhOXQ https://t.co/pB9jsaJmTF'",41,20
862293397708705792,2017-05-10,b'Tune in to Facebook Live (https://t.co/aMZ14xxsvp) at 11 a.m. PDT today to learn about The Great Race. #GoldenSpike https://t.co/rK0zDUbnDs',17,13
861979450761728002,2017-05-09,"b'Tune in to Facebook Live (https://t.co/aMZ14xxsvp) this Wednesday, May 10, at 11:00 a.m. PDT to learn about The Gre\xe2\x80\xa6 https://t.co/bNj3lMreqE'",31,20
861668707529084929,2017-05-08,b'@mkfinley12 Hi Mallory. You can call our 24/7 emergency line at 1-888-877-7267 to report malfunctioning equipment.',0,0
861668579657252864,2017-05-08,"b'@jessicagroves Hi there. Sorry for the inconvenience. To report blocked crossings, please call 1-888-877-7267.'",0,0
861628640546750464,2017-05-08,b'Union Pacific Plans to Invest $57 Million in its Kansas Rail Infrastructure https://t.co/uesWk8WXFX',30,10
861613764726202369,2017-05-08,"b'Tune in to Facebook Live (https://t.co/aMZ14xxsvp) this Wednesday, May 10, at 11:00 a.m. PDT to learn about The Gre\xe2\x80\xa6 https://t.co/7POEBwydmB'",15,5
861219081462046722,2017-05-07,b'https://t.co/yws4a9Kv8H',41,12
860856700093423616,2017-05-06,b'https://t.co/5dPZrVrf8A',28,10
860593326092898306,2017-05-05,"b'\xe2\x80\x9cIf you think of yourself as equal, you\xe2\x80\x99ll eventually be treated that way."" https://t.co/Rmj3HUD0mF'",25,15
860519942957010944,2017-05-05,b'https://t.co/OqGdc1WvR2',21,7
860157525588627456,2017-05-04,b'https://t.co/LJ5wyP7gi9',25,6
859891096985501696,2017-05-03,"b""Congratulations to Tamalya Bartow, winner of this week's UP Trivia! Tamalya won a power bank.\xe2\x80\xa6 https://t.co/x3Gw8WebyM""",14,3
859791298324291588,2017-05-03,b'https://t.co/IeQmPCg3A8',28,3
859439057314746368,2017-05-02,b'https://t.co/nNz4H7UIJq',31,6
859116053078650880,2017-05-01,b'An experiment with frozen #shrimp in the middle of the desert is providing a new opportunity. https://t.co/Quhcg03LiR',15,9
859074278117036032,2017-05-01,b'https://t.co/bOjXUno2oi',34,11
859064465249230848,2017-05-01,b'Toyota recognizes Union Pacific for excellence with the Kaizen Excellence Award. https://t.co/q1OryeH2Bh',19,7
858063216525660161,2017-04-28,b'So you think you know a lot about the #railroad? Prove it! Play UP #Trivia and enter to win. https://t.co/m9zf2MCDyw',18,5
857991554190979073,2017-04-28,"b""It's the last day of the Boise Turn Special! Thanks for the #UP844 memories. The photos below were taken by rail fa\xe2\x80\xa6 https://t.co/67BBh9qTKr""",136,44
857704645522804736,2017-04-27,"b'Locomotive No. 844 travels outside of Brigham City, UT, during the Boise Turn Special. View the schedule:\xe2\x80\xa6 https://t.co/OC2jILOt7r'",138,53
857676546089390080,2017-04-27,b'@AssessTechnolog Hi Mary. Who are you trying to contact and for what purpose?',0,0
857565709676707840,2017-04-27,b'Union Pacific Reports First Quarter 2017 Results; Diluted Earnings per Share up 14 percent https://t.co/qLMITpHy5z',20,16
855530306463559681,2017-04-21,"b""@norton21041 Hi there. No one got rid of the Big Boy. It's currently being restored at the steam shop in Cheyenne, Wyoming.""",0,0
855491059400441856,2017-04-21,b'@StanthemanGord2 You can learn about the process each train must go through prior to entering the U.S. in the artic\xe2\x80\xa6 https://t.co/YZAd0Gv7Ap',0,0
855174580142563328,2017-04-20,"b'@Armando04756466 They are available in our online store here: https://t.co/86pDFAxUA5 Before you can buy, you must\xe2\x80\xa6 https://t.co/h9SkZxGOfy'",1,0
855159718267977729,2017-04-20,"b'Locomotive No. 844 departs for Minidoka, Idaho, tomorrow morning at 8 a.m. You can view the complete schedule here:\xe2\x80\xa6 https://t.co/Y2AVgSnVGr'",55,14
855124903124717568,2017-04-20,"b""@JChristianman In the article there's a video highlighting the process each train goes through as it enters the U.S\xe2\x80\xa6 https://t.co/Ciy0noDFFX""",6,0
855112308657451009,2017-04-20,"b""@11woodywould11 @Cernovich @Gavin_McInnes @ProudBoysUSA In the article there's a video highlighting the process eac\xe2\x80\xa6 https://t.co/AtgjhleIBi""",1,0
854819769652060160,2017-04-19,b'Union Pacific Plans to Invest $26.8 Million in its Nevada Rail Infrastructure https://t.co/MAnLlSbeMM',33,17
854813514908790784,2017-04-19,"b""@IamJesusSanchez Hi Jesus. You'll have to fill out a Property Sale Application and send it to the appropriate real\xe2\x80\xa6 https://t.co/NTeKdCUMwP""",0,0
854776232105443328,2017-04-19,b'#UP844 is scheduled to arrive in Boise on Apr. 22 @ 5 p.m. MT. Follow @UP_Steam to get real-time updates on the Liv\xe2\x80\xa6 https://t.co/Kx0MQPXtgc',40,15
854762439883227138,2017-04-19,"b'@BuffyBrownose Hi Buffy, economist Luis De la Calle explains why the deficit exists toward the end of the article.\xe2\x80\xa6 https://t.co/Yx09ZhbjpE'",4,0
854447133218549761,2017-04-18,"b'@ssbamafan1 Hi Stan. The quiz will let you try a second time, but your name is only entered in the drawing upon com\xe2\x80\xa6 https://t.co/TK8F6yy8yE'",1,0
854442003827916800,2017-04-18,"b""Congratulations to Henry Volquartsen, winner of this week's UP Trivia! Henry won a Totes auto open/close umbrella.\xe2\x80\xa6 https://t.co/xjSc94wDIj""",9,4
854408911528525825,2017-04-18,b'#ICYMI: #UP844 embarked on the Boise Turn Special this morning. Follow @UP_Steam to get real-time updates.\xe2\x80\xa6 https://t.co/n3SlHKu2hw',15,8
854399287530336256,2017-04-18,"b'@WomensMarchHOU @BNSFRailway To start the process, a public authority must mail the notice of intent document liste\xe2\x80\xa6 https://t.co/IgLQLquqEg'",1,0
854394787662843905,2017-04-18,b'@WomensMarchHOU @BNSFRailway Hello! Your local officials can work to establish a quiet zone. It requires funding ad\xe2\x80\xa6 https://t.co/RYkDU975GA',1,0
854062658861109249,2017-04-17,b'Union Pacific Plans to Invest $79 Million in its Louisiana Rail Infrastructure https://t.co/Woa1VNoaGY',22,9
854005268736348160,2017-04-17,b'Last chance to play this round of UP #Trivia and enter to win a cool #prize! Game ends at midnight. Play now:\xe2\x80\xa6 https://t.co/5Jw7aT7PbG',18,4
852906688478937088,2017-04-14,b'@cmurray862 Hi Chris. Warren Buffett does not have financial ties to Union Pacific. He owns a railroad called Burli\xe2\x80\xa6 https://t.co/Bw2IXq5Qn3',1,0
852591514156978178,2017-04-13,"b'@michael_cacio Hi Michael. If you click the link, the article has additional details. https://t.co/pAzm8SpLdM'",5,0
852561671407226880,2017-04-13,b'So you think you know a lot about the #railroad? Prove it! Play UP #Trivia and enter to win. https://t.co/m9zf2MCDyw',18,8
852281383334686720,2017-04-12,b'Union Pacific plans to invest $135 Million in its Arkansas Rail Infrastructure https://t.co/GIAhFFkXA7',25,13
852252224818434048,2017-04-12,"b'@everyonepanic1 @jimoutofbennies For those 120 UP trains alone, yes, 1,080 jobs. NAFTA as a whole supports 5 mill.\xe2\x80\xa6 https://t.co/XrDIgApY0t'",0,0
852241298656567296,2017-04-12,"b""#ICYMI: Special Agent Danny Castaneda describes how Union Pacific's Police Department keeps the Mexico/U.S. border\xe2\x80\xa6 https://t.co/w0Nr1sPWdk""",40,16
851936244993019904,2017-04-11,"b""@jimoutofbennies Those trains &amp; the 1,080 U.S. jobs they create wouldn't exist w/o free trade. Rail traffic is good\xe2\x80\xa6 https://t.co/0ZEm3tCYOQ""",9,1
851898013949857792,2017-04-11,"b'Union Pacific was among numerous Omaha, Nebraska, businesses providing CAREEROCKIT experiences last week. https://t.co/cdhtrSLyVO'",16,9
851559841214738433,2017-04-10,b'Union Pacific Plans to Invest $77.1 Million in its Oregon Rail Infrastructure https://t.co/lQukQj8OW9',28,13
851551018055864324,2017-04-10,b'@jessicagroves @BNSFRailway It sounds like the train is switching. (Adding or subtracting cars.)',0,0
851460460243292160,2017-04-10,"b""#UP844's headed out for a break-in run! We'll depart #Cheyenne at 11 a.m. MT. Follow @UP_Steam to get real-time updates on our location.""",39,13
851247125925171202,2017-04-10,"b""@sailing2u2 Warren Buffet's Berkshire Hathaway company owns a railroad called Burlington Northern Santa Fe (BNSF).\xe2\x80\xa6 https://t.co/Hx0zFdnxYW""",7,0
851093375034028033,2017-04-09,"b'@Victoriashall1 Amtrak is a different, separate railroad. It is not owned, operated or funded by Union Pacific.'",1,0
850362046600232962,2017-04-07,"b'@jrat57 NAFTA eliminated tariffs on trade between Canada, the U.S. and Mexico. More here: https://t.co/YEw9zEEJGh'",3,1
850123899840983041,2017-04-06,"b'@DannyDavis1976 Agricultural products, coal, natural gas, plastic pellets &amp; the fridge parts, among other things. M\xe2\x80\xa6 https://t.co/YFzMFbOJhz'",5,1
850034812211650560,2017-04-06,b'@LexTalamo Hi Lex! Please contact Jeff DeGraff (https://t.co/L7H6LaG2nP) or Drew Tessier (https://t.co/gDs7pNQmCV)\xe2\x80\xa6 https://t.co/95PylM1GR7',0,0
850030480540004352,2017-04-06,"b'#TBT: Apr. 1, 1950: The Train of Tomorrow, an all-dome train, went into service. More: https://t.co/g3HuDBKhxG https://t.co/XVLiIKIce1'",46,13
849710831835254786,2017-04-05,"b""Congratulations to Jake Olmstead, winner of this week's UP Trivia! Jake won a UP route map cap.\xe2\x80\xa6 https://t.co/BSb4FEhGGY""",9,1
849646993601376256,2017-04-05,"b'UP CEO Lance Fritz testified before the Senate Committee on Commerce, Science &amp; Transportation yesterday. Read more\xe2\x80\xa6 https://t.co/iZCfJzcfk2'",14,11
849352368168857600,2017-04-04,"b'@_DR34_ Hi Dusty! Sorry for the inconvenience. To report blocked crossings, please call 1-888-877-7267.'",2,0
849326958852935682,2017-04-04,"b'To understand how #NAFTA has positively impacted the U.S., one only has to travel to our facility in Eagle Pass, TX. https://t.co/KCHIsIKi87'",42,27
848989545911767041,2017-04-03,b'Last chance to play this round of UP #Trivia and enter to win a cool #prize! Game ends at midnight. Play now:\xe2\x80\xa6 https://t.co/m0twRc0pHF',9,0
847915523987976192,2017-03-31,b'So you think you know a lot about the #railroad? Prove it! Play UP #Trivia and enter to win. https://t.co/OBTsNVjkK0 https://t.co/F8a5F4oFle',16,4
847480295968227328,2017-03-30,"b""We are the top-rated railroad in Brand Finance's 2017 listing of the 500 most valuable U.S. brands, published today\xe2\x80\xa6 https://t.co/MF4eIlN04J""",95,25
847459655353679875,2017-03-30,"b'@Gesscott Hi Gigi, sorry for the noise. Our engineers must sound the horns at every crossing. It is a federal law.'",0,0
847459094310998016,2017-03-30,"b'@theDash57 Hi Mary, sorry for the inconvenience. To report blocked crossings please call 1-888-877-7267.'",1,0
847182562405560321,2017-03-29,"b'Take a peek inside our historic Steam Shop and Roundhouse in #Cheyenne, Wyoming. #UP4014 #UP844 #UP949 https://t.co/ikIcv9xEq0'",182,80
846832288398761984,2017-03-28,"b""Severe weather is here, with tornadoes popping up in the south this week. Here's how we plan for the unpredictable:\xe2\x80\xa6 https://t.co/BfjeuFUCxC""",39,15
845331642377998340,2017-03-24,"b'#ICYMI: Listen as Ed Dickens describes Big Boy\'s massive ""to do"" list. Read more: https://t.co/CYwAdSk3qO https://t.co/TUDrmijSti'",67,29
845290659573583873,2017-03-24,"b""You wouldn't take your photo here -so why would you take it on railroad tracks? RT to spread awareness.\xe2\x80\xa6 https://t.co/XICf2jFGkP""",62,47
844925787052617729,2017-03-23,b'#TBT: March 1872: Union Pacific opened the first bridge across the Missouri River. Read more:\xe2\x80\xa6 https://t.co/fG9f6zPf3E',62,24
844611827220779013,2017-03-22,"b'@UtahManPodcast Somewhere much safer, please. https://t.co/KbZb6x1CJt'",0,0
844299600450260992,2017-03-21,"b""Congratulations to Marc Thrasher, winner of this week's UP Trivia! Marc won a historic M-10000 Bank.\xe2\x80\xa6 https://t.co/ZCgowk0Vq1""",29,2
844260446085484544,2017-03-21,b'@jeffbwadley You mentioned earlier that the train is moving back and forth. It is likely switching (adding or subtracting cars.)',1,0
844258660280942596,2017-03-21,"b'@jeffbwadley Hey Jeff! Sorry for the delay. To report blocked crossings, please call 1-888-877-7267.'",1,0
843901515601461249,2017-03-20,"b""You wouldn't take your photo here -so why would you take it on railroad tracks? RT to spread awareness.\xe2\x80\xa6 https://t.co/3HVbfvUP34""",231,197
842831574743834626,2017-03-17,b'@Mnguy57 @raveoned Whoops! Sorry about that! It should be working now.',1,0
842831454115676160,2017-03-17,b'@railfan4christ Whoops! Sorry about that; the Trivia contest should be working now.',1,0
842814825369649152,2017-03-17,b'So you think you know a lot about the #railroad? Prove it! Play UP #Trivia and enter to win. https://t.co/OBTsNVjkK0 https://t.co/7tHgMtYQpW',11,1
842506423657545728,2017-03-16,"b'@IGotNicked The train is likely preparing to enter a nearby rail yard. To report blocked crossings, call 1-888-877-7267.'",1,0
842458581442166784,2017-03-16,"b""@mlyoknis @UP_Steam There's a video in the update that has more details on No. 4014.""",3,0
842449954115358720,2017-03-16,b'ATTENTION! We have an exciting announcement. #UP4014 #UP844 https://t.co/CYwAdSk3qO',137,51
842115808750886920,2017-03-15,b'#PTC update! More than a quarter of all Union Pacific track segments are PTC-ready. Learn more:\xe2\x80\xa6 https://t.co/5uGiYLl96N',37,15
841692543515521024,2017-03-14,"b'A multi-agency hazmat emergency response drill took place in our J.R. Davis Yard in Roseville, CA, last week. More:\xe2\x80\xa6 https://t.co/BLw5yEIi9d'",27,8
841385903146831872,2017-03-13,"b'@ShannaCarlson14 Of course. Bizi is doing a routine train inspection in San Antonio, Texas.'",2,0
841378370881490944,2017-03-13,"b""Today is #NationalK9VeteransDay! We're grateful for all the furry heroes, like Bizi, who help keep our communities\xe2\x80\xa6 https://t.co/Jy64yBZIDZ""",45,23
840353080348676097,2017-03-11,"b""@theresamlewis Yes, that's how I spoke with John. When you call, select the last option, which is pressing # to speak with someone.""",1,0
840352120788377600,2017-03-11,"b'@theresamlewis There is no voice recognition necessary for this number. If you press #, you will be put in line to speak with someone.'",1,0
840349711630491648,2017-03-10,"b""@theresamlewis If you want more detailed information you can call the NCSC and they'll be happy to explain. 1-800-877-5123""",1,0
840349563173122048,2017-03-10,"b""@theresamlewis The LATX gate res isn't valid. You'll have to send an email to the gate reservation support group (upgateres@up.com)""",1,0
840346111063838725,2017-03-10,"b""@theresamlewis On the phone w/ John @ NCSC (1-800-877-5123.) He confirmed billing for your containers. He's calling LATX to see what's up.""",1,0
840343974229528576,2017-03-10,"b""@theresamlewis What's the container number?""",1,0
840340587417096192,2017-03-10,"b""@theresamlewis In the future, here's a list of direct lines for our intermodal reps, depending on your location: https://t.co/TPOwvqRoF8""",1,0
840335251624861696,2017-03-10,"b'@theresamlewis To give you the contact information for a real person at the NCSC, I need to know which type of customer you are.'",1,0
840334353976721410,2017-03-10,"b""@theresamlewis Hi Theresa, you'll have to call our National Customer Service Center. What type of customer are you? (Ag, Autos, Chemicals?)""",1,0
839989209335132160,2017-03-10,"b""#TBT: March 8, 1904: Southern Pacific's 102-mile Lucin Cutoff opened. Read more: https://t.co/oYEMZhDTKl https://t.co/O6YYIDKXEy""",56,19
839598899811782656,2017-03-08,"b'Congratulations to Patrick Bentz, winner of UP Trivia! Patrick won work gloves, a screwdriver &amp; a flashlight.\xe2\x80\xa6 https://t.co/NRLpk0lbhI'",9,2
839564619127656464,2017-03-08,"b""Today we're celebrating women's achievements. In this photo, a woman works in SP's Los Angeles facility in 1944.\xe2\x80\xa6 https://t.co/V6lxXNSjAg""",46,23
838868990890033154,2017-03-06,b'Last chance to play this round of UP #Trivia and enter to win a cool #prize! Game ends at midnight.\xe2\x80\xa6 https://t.co/uSabKS20EQ',11,3
837779816665518080,2017-03-03,b'So you think you know a lot about the #railroad? Prove it! Play UP #Trivia and enter to win. https://t.co/OBTsNVjkK0 https://t.co/kNPoe6eqKl',8,5
837338211902947329,2017-03-02,b'#TBT: March 1926: The 9000 class Union Pacific steam locomotives debuted. Read more:  https://t.co/cXm3QgRAzy https://t.co/JThOcrXjBf',100,25
837043948178845697,2017-03-01,"b""Happy 150th Birthday Nebraska! We'll see you at the Nebraska 150 Express Tour -- https://t.co/MLqYNbwavJ #Happy150NE https://t.co/FSD2qThR1L""",38,11
836986608213704705,2017-03-01,"b""UP's rotary snow plow has been clearing the tracks of this season's massive snowfall\xe2\x9d\x84\xef\xb8\x8f near Donner Pass. https://t.co/Sl7dcqK4G6""",78,23
836961773228027907,2017-03-01,"b'Passion, ethics and teamwork, combined with the Courage to Care for each other, make this engine turn https://t.co/KGUL5E8PJd'",21,8
836678881704824833,2017-02-28,"b'Our rotary snow plow was in action last weekend, clearing up to 13 ft. of snow\xe2\x9d\x84\xef\xb8\x8f from 14 miles of track near Donner\xe2\x80\xa6 https://t.co/OSi8zwpJi2'",149,55
836235640643665920,2017-02-27,b'Did you know we offer several types of internships? Our interns sound off about their experiences. Learn more:\xe2\x80\xa6 https://t.co/hdOwwdGexQ',19,10
835212772334055424,2017-02-24,b'UP employees Bob Meder &amp; Josh Fritz captured these photos with a drone as they evaluated track conditions in Donner\xe2\x80\xa6 https://t.co/AStoMKVh5y',128,51
834883068842377216,2017-02-23,"b'""It helps hundreds of thousands of people with drinking water and the wetlands all the way down to the Gulf."" https://t.co/r18rLIOGQ5'",21,10
834783397411160064,2017-02-23,b'Union Pacific Police Pursues Prestigious CALEA Accreditation https://t.co/LKsKJHkgeO',7,4
833671506878164992,2017-02-20,b'We are honoring our presidents today. #PresidentsDay https://t.co/mVUcqd43mr',72,21
832724922044526592,2017-02-17,b'So you think you know a lot about the #railroad? Prove it! Play UP #Trivia and enter to win. https://t.co/m9zf2Ml29W',10,8
832636837298475008,2017-02-17,"b""@mlgroadrunner Please call 1-888-877-7267 ASAP to report the crossing. They will ask for a detailed description of how it's malfunctioning.""",0,0
832285498718748672,2017-02-16,"b""Union Pacific Tops Fortune's Most Admired in Industry; 7th Consecutive Recognition as No. 1 Transportation Company. https://t.co/oZUr6EIAhd""",30,15
831889741800992770,2017-02-15,b'#ICYMI: This is one way we deal with snow. Watch Air Forced One blast snow off railroad tracks and switches in\xe2\x80\xa6 https://t.co/cRpKxSAcCU',73,35
830786043385307138,2017-02-12,"b'Happy birthday to our founding father, President Abraham Lincoln. Read more: https://t.co/JMbbcOIRrv https://t.co/uAZFp1zWXS'",80,40
830193191898996739,2017-02-10,"b""@RandolWhite Please contact Justin Jacobs, our director of corporate relations &amp; media for UP's western region: https://t.co/kFPmnRWTrn""",0,0
830172786052186112,2017-02-10,"b""#ICYMI: UP's Steam Team has completed the disassembly of Big Boy #No4014. More: https://t.co/07WuglrXyw https://t.co/Zq5xbtAoAp""",131,52
829794096394993665,2017-02-09,"b'Eighteen Air Forced One units operate across our system. Watch the 32,000-lb blowhard as it blasts snow off the tra\xe2\x80\xa6 https://t.co/lvmCaO7s08'",47,20
829384431597187072,2017-02-08,b'Railroads institute measures to prevent suicides on their systems. Read more in @rail_pro_mag:\xe2\x80\xa6 https://t.co/hOO446g1rX',27,15
829083421922168832,2017-02-07,"b'Congratulations to  Nile Dragoo, winner of UP Trivia! Nile won a RTIC\xc2\xae Can Insulator. Available here:\xe2\x80\xa6 https://t.co/rwsMVeuWsn'",16,5
828695364903514112,2017-02-06,b'Last chance to play this round of UP #Trivia and enter to win a cool #prize! Game ends at midnight.\xe2\x80\xa6 https://t.co/iPa5AOUhXw',11,14
828279744177258496,2017-02-05,"b'With more than 100 Union Pacific trains crisscrossing Houston each day, be on the look out for us while you enjoy\xe2\x80\xa6 https://t.co/leW0YW3pH3'",120,36
827646061305065472,2017-02-03,b'So you think you know a lot about the #railroad? Prove it! Play UP #Trivia and enter to win. https://t.co/82O3jVl2Lg',14,8
827230976761794560,2017-02-02,b'Union Pacific Announces a $3.1 Billion Capital Plan for 2017 and Declares First Quarter 2017 Dividend. https://t.co/0mKPQMoc93',22,17
827193236699639810,2017-02-02,"b""UP's Steam Team has completed the disassembly of Big Boy #up4014 for inspection and rebuilding. Watch the latest! https://t.co/07WuglrXyw""",106,41
826893761536020481,2017-02-01,"b'""It was a moment of amazement. That level of disassembly hasn\'t been seen around here since the mid-1950s."" https://t.co/07WuglrXyw'",128,55
826875500341710848,2017-02-01,"b'@truthqst To report a blocked crossing, please call 1-888-877-7267.'",1,0
826477996303380483,2017-01-31,b'@PharoahONYX Thank you.',0,0
826219075084902400,2017-01-31,b'@PharoahONYX Can you please provide a link to the video where this comment appeared? Is it still available?',0,0
825061731999285248,2017-01-27,"b'#ICYMI: UP transports more than 100,000 people between #Chicago and its outlying suburbs every day. More:\xe2\x80\xa6 https://t.co/mSkImxJ39o'",46,18
824721091402891264,2017-01-26,"b'#TBT: Jan. 31, 1898: E.H. Harriman and an investor group purchased Union Pacific for $110 million. Read more:\xe2\x80\xa6 https://t.co/y1alraWdBw'",39,21
824603318043414528,2017-01-26,b'@BrittMorenoTV @JamieALeary Please call Calli Hite: https://t.co/L7H6LaG2nP',1,0
824001701350936579,2017-01-24,"b'Congratulations to Stana Hoagland, winner of UP Trivia! Stana won a Lincoln Center Round Coaster Set.Available here\xe2\x80\xa6 https://t.co/mnoOfnlG3x'",23,3
823672339292295168,2017-01-23,b'Last chance to play this round of UP Trivia and enter to win a cool prize! Game ends at midnight.\xe2\x80\xa6 https://t.co/44CJECKAly',11,5
822584219855683585,2017-01-20,b'So you think you know a lot about the #railroad? Prove it! Play UP #Trivia and enter to win. https://t.co/82O3jVl2Lg https://t.co/C2Rdp1F1fM',21,7
822221256741232640,2017-01-19,"b'@drewmantonio Hey Drew! To report a blocked crossing, please call 1-888-877-7267.'",0,0
822220623313244161,2017-01-19,"b'#TBT: Jan. 24,1880: UP purchased the #Kansas Pacific and #Denver Pacific railroads. More: https://t.co/oNHyicasG5 https://t.co/Dd4UUe4USp'",28,11
822069808351027200,2017-01-19,b'UP reports Fourth Quarter and Full Year 2016 Results https://t.co/csdmSP1WOw',15,11
821522436894105603,2017-01-18,"b'""I didn\'t realize how much these guys loved her until she died and I received the cards and letters."" https://t.co/3XiN0X5sl2'",73,27
820010060050993152,2017-01-13,"b""UP Manager of Electrical Maintenance Kenny Dunn recently rescued an owl from inside CO's Moffat Tunnel. Read more:\xe2\x80\xa6 https://t.co/TruTGGnmUB""",89,38
819657839639728128,2017-01-12,"b""Built by UP in the '20s, the beautiful Omaha Union Station, home of @TheDurhamMuseum, has been designated a Nationa\xe2\x80\xa6 https://t.co/rZ51lgqWcx""",66,22
819649864321667074,2017-01-12,"b'#TBT: Jan. 17,1867: The first railroad line across Iowa was completed in Council Bluffs. More:\xe2\x80\xa6 https://t.co/6HhMPL4mex'",51,18
819329046144172032,2017-01-11,b'Passengers are oblivious to the extraordinary effort that goes into making their morning routine reliably routine. https://t.co/OIu2IlYnbP',70,31
818917061309120512,2017-01-10,"b'Congratulations to Bruce Schwierske, winner of UP Trivia! He won a pair of gloves and a knit beanie. Available here\xe2\x80\xa6 https://t.co/Gey5rdCL49'",18,7
818594576206352386,2017-01-09,b'Last chance to play this round of UP Trivia and enter to win a cool prize! Game ends at midnight.\xe2\x80\xa6 https://t.co/ssx9tGnqPz',13,4
818485452776869888,2017-01-09,b'UP Connects South Dakota Agriculture Producers to Key Markets https://t.co/QGI9w7XE8N',19,7
817451956985884673,2017-01-06,b'So you think you know a lot about the #railroad? Prove it! Play UP #Trivia and enter to win. https://t.co/m9zf2MCDyw https://t.co/ClX3F8s4dJ',17,9
817018294473527296,2017-01-05,"b""#TBT: January 1949 &amp; 1952: Blizzards dumped 30 ft of snow on UP's main line in eastern Wyoming and western Nebraska\xe2\x80\xa6 https://t.co/h4NaNzQZgW""",76,37
816668415700172801,2017-01-04,b'@RonCaldwell6 You can purchase one through our company store: https://t.co/DilghFpT4S',0,0
816668178151538688,2017-01-04,b'#ICYMI: Locomotive engineer Nick Mayorga explains why he chose railroads over rockets: https://t.co/NDDDH5Q4M7',19,9
816372101460480000,2017-01-03,b'UP Acquires Railex LLC Assets: Food trains serve up growth in food and beverage industry. https://t.co/V77Sy00vep',38,15
816289825003368448,2017-01-03,b'#DYK the Union Pacific calendar has been around for 87 years? The first one was published in 1930. Read more:\xe2\x80\xa6 https://t.co/WXFnBo5fOQ',44,14
815543119051534337,2017-01-01,b'Wishing you and your family a safe and happy 2017. https://t.co/wAbF2dqMEj',118,34
